{"initial_reset_timestamp": 1660118659.3487313, "timestamps": [1660118668.7025602], "episode_lengths": [1000], "episode_rewards": [3616.7810903053564], "episode_types": ["t"]}